,isbn,book_title,book_author,year_of_publication,publisher,image_url_s,image_url_m,image_url_l
0,0316666343,The Lovely Bones: A Novel,Alice Sebold,2002,"Little, Brown",http://images.amazon.com/images/P/0316666343.01.THUMBZZZ.jpg,http://images.amazon.com/images/P/0316666343.01.MZZZZZZZ.jpg,http://images.amazon.com/images/P/0316666343.01.LZZZZZZZ.jpg
1,0971880107,Wild Animus,Rich Shapero,2004,Too Far,http://images.amazon.com/images/P/0971880107.01.THUMBZZZ.jpg,http://images.amazon.com/images/P/0971880107.01.MZZZZZZZ.jpg,http://images.amazon.com/images/P/0971880107.01.LZZZZZZZ.jpg
2,0142001740,The Secret Life of Bees,Sue Monk Kidd,2003,Penguin Books,http://images.amazon.com/images/P/0142001740.01.THUMBZZZ.jpg,http://images.amazon.com/images/P/0142001740.01.MZZZZZZZ.jpg,http://images.amazon.com/images/P/0142001740.01.LZZZZZZZ.jpg
3,044023722X,A Painted House,John Grisham,2001,Dell Publishing Company,http://images.amazon.com/images/P/044023722X.01.THUMBZZZ.jpg,http://images.amazon.com/images/P/044023722X.01.MZZZZZZZ.jpg,http://images.amazon.com/images/P/044023722X.01.LZZZZZZZ.jpg
4,0452282152,Girl with a Pearl Earring,Tracy Chevalier,2001,Plume Books,http://images.amazon.com/images/P/0452282152.01.THUMBZZZ.jpg,http://images.amazon.com/images/P/0452282152.01.MZZZZZZZ.jpg,http://images.amazon.com/images/P/0452282152.01.LZZZZZZZ.jpg
5,0671027360,Angels &amp Demons,Dan Brown,2001,Pocket Star,http://images.amazon.com/images/P/0671027360.01.THUMBZZZ.jpg,http://images.amazon.com/images/P/0671027360.01.MZZZZZZZ.jpg,http://images.amazon.com/images/P/0671027360.01.LZZZZZZZ.jpg
6,0316769487,The Catcher in the Rye,J.D. Salinger,1991,"Little, Brown",http://images.amazon.com/images/P/0316769487.01.THUMBZZZ.jpg,http://images.amazon.com/images/P/0316769487.01.MZZZZZZZ.jpg,http://images.amazon.com/images/P/0316769487.01.LZZZZZZZ.jpg
7,0786868716,The Five People You Meet in Heaven,Mitch Albom,2003,Hyperion,http://images.amazon.com/images/P/0786868716.01.THUMBZZZ.jpg,http://images.amazon.com/images/P/0786868716.01.MZZZZZZZ.jpg,http://images.amazon.com/images/P/0786868716.01.LZZZZZZZ.jpg
